MAM/papers/2025_MAM_MarkingKey_CalcAssumed.pdf	https://senior-secondary.scsa.wa.edu.au/__data/assets/pdf_file/0014/1231124/2025-MAM-Ratified-Calc-Assumed-Marking-Key.PDF
MAM/papers/2025_MAM_MarkingKey_CalcFree.pdf	https://senior-secondary.scsa.wa.edu.au/__data/assets/pdf_file/0015/1231125/2025-MAM-Ratified-Calc-Free-Marking-Key.PDF
MAM/papers/2025_MAM_Exam_CalcAssumed.pdf	https://senior-secondary.scsa.wa.edu.au/__data/assets/pdf_file/0012/1231122/2025-MAM-Examination-Calculator-Assumed.PDF
MAM/papers/2025_MAM_Exam_CalcFree.pdf	https://senior-secondary.scsa.wa.edu.au/__data/assets/pdf_file/0013/1231123/2025-MAM-Examination-Calculator-Free.PDF
MAM/papers/2025_MAM_ExamReport.pdf	https://senior-secondary.scsa.wa.edu.au/__data/assets/pdf_file/0011/1242497/2025-ATAR-course-examination-report-MAM-public-version.PDF
MAM/papers/2024_MAM_MarkingKey_CalcAssumed.pdf	https://senior-secondary.scsa.wa.edu.au/__data/assets/pdf_file/0009/1169532/2024-MAM-Ratified-Calc-Assumed-Marking-Key-Web-Version.PDF
MAM/papers/2024_MAM_MarkingKey_CalcFree.pdf	https://senior-secondary.scsa.wa.edu.au/__data/assets/pdf_file/0010/1169533/2024-MAM-Ratified-Calc-Free-Marking-Key-Web-Version.PDF
MAM/papers/2024_MAM_Exam_CalcAssumed.pdf	https://senior-secondary.scsa.wa.edu.au/__data/assets/pdf_file/0006/1169529/2024-MAM-Examination-Calculator-Assumed-Web-Version.PDF
MAM/papers/2024_MAM_Exam_CalcFree.pdf	https://senior-secondary.scsa.wa.edu.au/__data/assets/pdf_file/0008/1169531/2024-MAM-Examination-Calculator-Free-Web-Version.PDF
MAM/papers/2024_MAM_ExamReport.pdf	https://senior-secondary.scsa.wa.edu.au/__data/assets/pdf_file/0004/1189687/2024-ATAR-course-examination-report-MAM-public-version.PDF
MAM/papers/2023_MAM_Exam_CalcAssumed.pdf	https://senior-secondary.scsa.wa.edu.au/__data/assets/pdf_file/0004/1091560/2023-MAM-Examination-Calculator-Assumed.PDF
MAM/papers/2023_MAM_MarkingKey_CalcAssumed.pdf	https://senior-secondary.scsa.wa.edu.au/__data/assets/pdf_file/0007/1091563/2023-MAM-Ratified-Marking-Key-Calculator-Assumed.PDF
MAM/papers/2023_MAM_Exam_CalcFree.pdf	https://senior-secondary.scsa.wa.edu.au/__data/assets/pdf_file/0005/1091561/2023-MAM-Examination-Calculator-Free.PDF
MAM/papers/2023_MAM_MarkingKey_CalcFree.pdf	https://senior-secondary.scsa.wa.edu.au/__data/assets/pdf_file/0006/1091562/2023-MAM-Ratified-Marking-Key-Calculator-Free.PDF
MAM/papers/2023_MAM_ExamReport.pdf	https://senior-secondary.scsa.wa.edu.au/__data/assets/pdf_file/0015/1105512/2023-ATAR-course-examination-report-MAM-public-version.PDF
MAM/papers/2022_MAM_Exam_CalcAssumed.pdf	https://senior-secondary.scsa.wa.edu.au/__data/assets/pdf_file/0006/1042359/2022-MAM-Examination-Calculator-Assumed.PDF
MAM/papers/2022_MAM_MarkingKey_CalcAssumed.pdf	https://senior-secondary.scsa.wa.edu.au/__data/assets/pdf_file/0016/1042360/2022-MAM-Ratified-Calc-Assumed-Marking-Key.PDF
MAM/papers/2022_MAM_Exam_CalcFree.pdf	https://senior-secondary.scsa.wa.edu.au/__data/assets/pdf_file/0017/1042361/2022-MAM-Examination-Calculator-Free.PDF
MAM/papers/2022_MAM_MarkingKey_CalcFree.pdf	https://senior-secondary.scsa.wa.edu.au/__data/assets/pdf_file/0018/1042362/2022-MAM-Ratified-Calc-Free-Marking-Key.PDF
MAM/papers/2022_MAM_ExamReport.pdf	https://senior-secondary.scsa.wa.edu.au/__data/assets/pdf_file/0004/1048279/2022-ATAR-course-examination-report-MAM-public-version.PDF
MAM/papers/2022_MAM_FormulaSheet.pdf	https://senior-secondary.scsa.wa.edu.au/__data/assets/pdf_file/0019/1042363/2022-MAM-Formula-Sheet.PDF
MAM/papers/2021_MAM_Exam_CalcAssumed.pdf	https://senior-secondary.scsa.wa.edu.au/__data/assets/pdf_file/0008/941318/2021_MAM_Written_Examination_Calculator_Assumed.PDF
MAM/papers/2021_MAM_MarkingKey_CalcAssumed.pdf	https://senior-secondary.scsa.wa.edu.au/__data/assets/pdf_file/0005/941315/2021_MAM_Calc_Assumed_Ratified_Marking_Key.PDF
MAM/papers/2021_MAM_Exam_CalcFree.pdf	https://senior-secondary.scsa.wa.edu.au/__data/assets/pdf_file/0009/941319/2021_MAM_Written_Examination_Calculator_Free.PDF
MAM/papers/2021_MAM_MarkingKey_CalcFree.pdf	https://senior-secondary.scsa.wa.edu.au/__data/assets/pdf_file/0006/941316/2021_MAM_Calc_Free_Ratified_Marking_Key.PDF
MAM/papers/2021_MAM_ExamReport.pdf	https://senior-secondary.scsa.wa.edu.au/__data/assets/pdf_file/0012/977367/2021-ATAR-course-examination-report-MAM-public-version.PDF
MAM/papers/2021_MAM_FormulaSheet.pdf	https://senior-secondary.scsa.wa.edu.au/__data/assets/pdf_file/0007/941317/2021_MAM_Formula_Sheet.PDF
MAM/papers/2020_MAM_Exam_CalcAssumed.pdf	https://senior-secondary.scsa.wa.edu.au/__data/assets/pdf_file/0005/643730/2020_MAM_Written_Examination_Calculator_Assumed.PDF
MAM/papers/2020_MAM_MarkingKey_CalcAssumed.pdf	https://senior-secondary.scsa.wa.edu.au/__data/assets/pdf_file/0009/643734/2020_MAM_Calc_Assumed_Marking_key.PDF
MAM/papers/2020_MAM_Exam_CalcFree.pdf	https://senior-secondary.scsa.wa.edu.au/__data/assets/pdf_file/0010/643735/2020_MAM_Written_Examination_Calculator_Free.PDF
MAM/papers/2020_MAM_MarkingKey_CalcFree.pdf	https://senior-secondary.scsa.wa.edu.au/__data/assets/pdf_file/0011/643736/2020_MAM_Calc_Free_Ratified_Marking_Key.PDF
MAM/papers/2020_MAM_FormulaSheet.pdf	https://senior-secondary.scsa.wa.edu.au/__data/assets/pdf_file/0003/643737/2020_MAM_Formula_Sheet.PDF
MAM/papers/2020_MAM_ExamReport.pdf	https://senior-secondary.scsa.wa.edu.au/__data/assets/pdf_file/0005/652145/2020-MAM-ATAR-course-examination-report-public-version.PDF
MAS/papers/2025_MAS_MarkingKey_CalcAssumed.pdf	https://senior-secondary.scsa.wa.edu.au/__data/assets/pdf_file/0012/1231131/2025-MAS-Ratified-Calc-Assumed-Marking-Key.PDF
MAS/papers/2025_MAS_MarkingKey_CalcFree.pdf	https://senior-secondary.scsa.wa.edu.au/__data/assets/pdf_file/0013/1231132/2025-MAS-Ratified-Calc-Free-Marking-Key.PDF
MAS/papers/2025_MAS_Exam_CalcAssumed.pdf	https://senior-secondary.scsa.wa.edu.au/__data/assets/pdf_file/0019/1231129/2025-MAS-Examination-Calculator-Assumed.PDF
MAS/papers/2025_MAS_Exam_CalcFree.pdf	https://senior-secondary.scsa.wa.edu.au/__data/assets/pdf_file/0011/1231130/2025-MAS-Examination-Calculator-Free.PDF
MAS/papers/2025_MAS_ExamReport.pdf	https://senior-secondary.scsa.wa.edu.au/__data/assets/pdf_file/0003/1242498/2025-ATAR-course-examination-report-MAS-public-version.PDF
MAS/papers/2024_MAS_Exam_CalcAssumed.pdf	https://senior-secondary.scsa.wa.edu.au/__data/assets/pdf_file/0006/1171473/2024-MAS-Examination-Calculator-Assumed-Web-Version.PDF
MAS/papers/2024_MAS_Exam_CalcFree.pdf	https://senior-secondary.scsa.wa.edu.au/__data/assets/pdf_file/0007/1171474/2024-MAS-Examination-Calculator-Free-Web-Version.PDF
MAS/papers/2024_MAS_MarkingKey_CalcAssumed.pdf	https://senior-secondary.scsa.wa.edu.au/__data/assets/pdf_file/0008/1171475/2024-MAS-Ratified-Calc-Assumed-Marking-Key-Web-Version.PDF
MAS/papers/2024_MAS_MarkingKey_CalcFree.pdf	https://senior-secondary.scsa.wa.edu.au/__data/assets/pdf_file/0009/1171476/2024-MAS-Ratified-Calc-Free-Marking-Key-Web-Version.PDF
MAS/papers/2024_MAS_ExamReport.pdf	https://senior-secondary.scsa.wa.edu.au/__data/assets/pdf_file/0006/1189689/2024-ATAR-course-examination-report-MAS-public-version.PDF
MAS/papers/2023_MAS_Exam_CalcAssumed.pdf	https://senior-secondary.scsa.wa.edu.au/__data/assets/pdf_file/0004/1092739/2023-MAS-Examination-Calculator-Assumed.PDF
MAS/papers/2023_MAS_MarkingKey_CalcAssumed.pdf	https://senior-secondary.scsa.wa.edu.au/__data/assets/pdf_file/0006/1092741/2023-MAS-Ratified-Marking-Key-Calculator-Assumed.PDF
MAS/papers/2023_MAS_Exam_CalcFree.pdf	https://senior-secondary.scsa.wa.edu.au/__data/assets/pdf_file/0005/1092740/2023-MAS-Examination-Calculator-Free.PDF
MAS/papers/2023_MAS_MarkingKey_CalcFree.pdf	https://senior-secondary.scsa.wa.edu.au/__data/assets/pdf_file/0007/1092742/2023-MAS-Ratified-Marking-Key-Calculator-Free.PDF
MAS/papers/2023_MAS_ExamReport.pdf	https://senior-secondary.scsa.wa.edu.au/__data/assets/pdf_file/0016/1105513/2023_ATAR_course_examination_report-MAS-public-version.PDF
MAS/papers/2022_MAS_Exam_CalcAssumed.pdf	https://senior-secondary.scsa.wa.edu.au/__data/assets/pdf_file/0006/1042368/2022-MAS-Examination-Calculator-Assumed.PDF
MAS/papers/2022_MAS_MarkingKey_CalcAssumed.pdf	https://senior-secondary.scsa.wa.edu.au/__data/assets/pdf_file/0007/1042369/2022-MAS-Calc-Assumed-Ratified-Marking-Key.PDF
MAS/papers/2022_MAS_Exam_CalcFree.pdf	https://senior-secondary.scsa.wa.edu.au/__data/assets/pdf_file/0017/1042370/2022-MAS-Examination_Calculator-Free.PDF
MAS/papers/2022_MAS_MarkingKey_CalcFree.pdf	https://senior-secondary.scsa.wa.edu.au/__data/assets/pdf_file/0018/1042371/2022-MAS-Calc-Free-Ratified-Marking-Key.PDF
MAS/papers/2022_MAS_FormulaSheet.pdf	https://senior-secondary.scsa.wa.edu.au/__data/assets/pdf_file/0019/1042372/2022-MAS-Formula-Sheet.PDF
MAS/papers/2022_MAS_ExamReport.pdf	https://senior-secondary.scsa.wa.edu.au/__data/assets/pdf_file/0010/1048294/2022-ATAR-course-examination-Report-MAS-public-version.PDF
MAS/papers/2021_MAS_Exam_CalcAssumed.pdf	https://senior-secondary.scsa.wa.edu.au/__data/assets/pdf_file/0008/941525/2021_MAS_Written_Examination_Calculator_Assumed-Web-version.PDF
MAS/papers/2021_MAS_MarkingKey_CalcAssumed.pdf	https://senior-secondary.scsa.wa.edu.au/__data/assets/pdf_file/0005/941522/2021_MAS_Calc_Assumed_Ratified_Marking_Key-Web-version.PDF
MAS/papers/2021_MAS_Exam_CalcFree.pdf	https://senior-secondary.scsa.wa.edu.au/__data/assets/pdf_file/0009/941526/2021_MAS_Written_Examination_Calculator_Free.PDF
MAS/papers/2021_MAS_MarkingKey_CalcFree.pdf	https://senior-secondary.scsa.wa.edu.au/__data/assets/pdf_file/0006/941523/2021_MAS_Calc_Free_Ratified_Marking_Key.PDF
MAS/papers/2021_MAS_ExamReport.pdf	https://senior-secondary.scsa.wa.edu.au/__data/assets/pdf_file/0004/977368/2021-ATAR-course-examination-report-MAS-public-version.PDF
MAS/papers/2021_MAS_FormulaSheet.pdf	https://senior-secondary.scsa.wa.edu.au/__data/assets/pdf_file/0007/941524/2021_MAS_Formula_Sheet.PDF
MAS/papers/2020_MAS_MarkingKey_CalcAssumed.pdf	https://senior-secondary.scsa.wa.edu.au/__data/assets/pdf_file/0004/642487/2020_MAS_Calc_Assumed_Ratified_Marking_Key.PDF
MAS/papers/2020_MAS_MarkingKey_CalcFree.pdf	https://senior-secondary.scsa.wa.edu.au/__data/assets/pdf_file/0005/642488/2020_MAS_Calc_Free_Ratified_Marking_Key.PDF
MAS/papers/2020_MAS_ExamReport.pdf	https://senior-secondary.scsa.wa.edu.au/__data/assets/pdf_file/0006/652146/2020-MAS-ATAR-course-examination-report-public-version.PDF
MAS/papers/2020_MAS_FormulaSheet.pdf	https://senior-secondary.scsa.wa.edu.au/__data/assets/pdf_file/0007/642490/2020_MAS_Formula_Sheet.PDF
MAS/papers/2020_MAS_Exam_CalcAssumed.pdf	https://senior-secondary.scsa.wa.edu.au/__data/assets/pdf_file/0008/642491/2020_MAS_Written_Examination_Calculator_Assumed.PDF
MAS/papers/2020_MAS_Exam_CalcFree.pdf	https://senior-secondary.scsa.wa.edu.au/__data/assets/pdf_file/0009/642492/2020_MAS_Written_Examination_Calculator_Free.PDF
MAM/papers/2016_MAM_Exam_CalcAssumed.pdf	http://senior-secondary.scsa.wa.edu.au/__data/assets/pdf_file/0019/344503/Mathematical-Methods-Calc-Assumed-Exam-2016.PDF (wayback)
MAM/papers/2016_MAM_Exam_CalcFree.pdf	http://senior-secondary.scsa.wa.edu.au/__data/assets/pdf_file/0020/344504/Mathematical-Methods-Exam-Calc-Free-2016.PDF (wayback)
MAM/papers/2016_MAM_MarkingKey_CalcAssumed.pdf	https://senior-secondary.scsa.wa.edu.au/__data/assets/pdf_file/0018/344511/Mathematics-Methods-Calc-Assumed-Ratified-Marking-Key-2016.PDF (wayback)
MAM/papers/2016_MAM_MarkingKey_CalcFree.pdf	https://senior-secondary.scsa.wa.edu.au/__data/assets/pdf_file/0019/344512/Mathematics-Methods-Calc-Free-Ratified-Marking-Key-2016.PDF (wayback)
MAM/papers/2016_MAM_ExamReport.pdf	http://senior-secondary.scsa.wa.edu.au:80/__data/assets/pdf_file/0003/369471/2016-ATAR-course-examination-report-Public-version-MAM.PDF (wayback)
MAM/papers/2016_MAM_FormulaSheet.pdf	http://senior-secondary.scsa.wa.edu.au/__data/assets/pdf_file/0018/347112/Mathematics_Methods_Formula_sheet_2016.PDF (wayback)
MAM/papers/2017_MAM_Exam_CalcAssumed.pdf	https://senior-secondary.scsa.wa.edu.au/__data/assets/pdf_file/0003/459003/Mathematical_Methods_Calc_Assumed_Exam_2017.PDF (wayback)
MAM/papers/2017_MAM_Exam_CalcFree.pdf	https://senior-secondary.scsa.wa.edu.au/__data/assets/pdf_file/0004/459004/Mathematics_Methods_Calc_Free_exam_2017.PDF (wayback)
MAM/papers/2017_MAM_MarkingKey_CalcAssumed.pdf	https://senior-secondary.scsa.wa.edu.au/__data/assets/pdf_file/0005/459005/Ratified_Mathematics_Methods_calc_assumed_Marking_key_2017.PDF (wayback)
MAM/papers/2017_MAM_MarkingKey_CalcFree.pdf	https://senior-secondary.scsa.wa.edu.au/__data/assets/pdf_file/0006/459006/Ratified_Mathematics_Methods_Calc_Free_marking_Key_2017.PDF (wayback)
MAM/papers/2017_MAM_ExamReport.pdf	https://senior-secondary.scsa.wa.edu.au/__data/assets/pdf_file/0006/471939/2017_MAM_ATAR_course_examination_report_public_version.PDF (wayback)
MAM/papers/2017_MAM_FormulaSheet.pdf	https://senior-secondary.scsa.wa.edu.au/__data/assets/pdf_file/0003/344505/Mathematics_Methods_Formula_sheet_2017.PDF (wayback)
MAM/papers/2018_MAM_Exam_CalcAssumed.pdf	https://senior-secondary.scsa.wa.edu.au/__data/assets/pdf_file/0005/538970/2018_MAM_Written_Examination_Calculator_Assumed.PDF (wayback)
MAM/papers/2018_MAM_Exam_CalcFree.pdf	https://senior-secondary.scsa.wa.edu.au/__data/assets/pdf_file/0006/538971/2018_MAM_Written_Examination_Calculator_Free.PDF (wayback)
MAM/papers/2018_MAM_MarkingKey_CalcAssumed.pdf	https://senior-secondary.scsa.wa.edu.au/__data/assets/pdf_file/0012/538968/2018_MAM_Calc_Assumed_Ratified_-Marking_key.PDF (wayback)
MAM/papers/2018_MAM_MarkingKey_CalcFree.pdf	https://senior-secondary.scsa.wa.edu.au/__data/assets/pdf_file/0004/538969/2018_MAM_Calc_Free_Ratified_Marking_Key.PDF (wayback)
MAM/papers/2018_MAM_ExamReport.pdf	https://senior-secondary.scsa.wa.edu.au/__data/assets/pdf_file/0011/549884/2018_MAM_ATAR_course_summary_examination_report.PDF (wayback)
MAM/papers/2018_MAM_FormulaSheet.pdf	https://senior-secondary.scsa.wa.edu.au/__data/assets/pdf_file/0005/462749/Mathematics_Methods_Formula_sheet_2018.PDF (wayback)
MAM/papers/2019_MAM_Exam_CalcAssumed.pdf	https://senior-secondary.scsa.wa.edu.au/__data/assets/pdf_file/0008/590831/2019_MAM_Written_Examination_Calculator_Assumed.PDF (wayback)
MAM/papers/2019_MAM_Exam_CalcFree.pdf	https://senior-secondary.scsa.wa.edu.au/__data/assets/pdf_file/0009/590832/2019_MAM_Written_Examination_Calculator_Free.PDF (wayback)
MAM/papers/2019_MAM_MarkingKey_CalcAssumed.pdf	https://senior-secondary.scsa.wa.edu.au/__data/assets/pdf_file/0006/590829/2019_MAM_Calc_Assumed_-Ratified_Marking_key.PDF (wayback)
MAM/papers/2019_MAM_MarkingKey_CalcFree.pdf	https://senior-secondary.scsa.wa.edu.au/__data/assets/pdf_file/0007/590830/2019_MAM_Calc_Free_Ratified_Marking_Key.PDF (wayback)
MAM/papers/2019_MAM_ExamReport.pdf	https://senior-secondary.scsa.wa.edu.au/__data/assets/pdf_file/0008/598031/2019-ATAR-course-examination-report-MAM_public_version.PDF (wayback)
MAM/papers/2019_MAM_FormulaSheet.pdf	https://senior-secondary.scsa.wa.edu.au/__data/assets/pdf_file/0010/541837/2019_MAM_Formula_Sheet.PDF (wayback)
MAM/papers/2016Sample_MAM_Exam_CalcFree.pdf	http://senior-secondary.scsa.wa.edu.au/__data/assets/pdf_file/0004/10687/Mathematical_Methods_Sample_Calc_Free_exam_2016.PDF (wayback)
MAM/papers/2016Sample_MAM_MarkingKey_CalcAssumed.pdf	http://senior-secondary.scsa.wa.edu.au/__data/assets/pdf_file/0016/10690/Mathematics_Methods_Sample_Calc_Assumed_marking_key_2016.PDF (wayback)
MAM/papers/2016Sample_MAM_MarkingKey_CalcFree.pdf	http://senior-secondary.scsa.wa.edu.au/__data/assets/pdf_file/0017/10691/Mathematics_Methods_Sample_Calc_Free_marking_key_2016.PDF (wayback)
MAS/papers/2016_MAS_Exam_CalcAssumed.pdf	http://senior-secondary.scsa.wa.edu.au/__data/assets/pdf_file/0006/344517/Maths-Specialist-Calc-Assumed-Exam-2016.PDF (wayback)
MAS/papers/2016_MAS_Exam_CalcFree.pdf	http://senior-secondary.scsa.wa.edu.au/__data/assets/pdf_file/0005/344516/Maths-Specialist-Calc-Free-exam-2016.PDF (wayback)
MAS/papers/2016_MAS_MarkingKey_CalcAssumed.pdf	https://senior-secondary.scsa.wa.edu.au/__data/assets/pdf_file/0020/344513/Maths-Specialist-Calc-Assumed-Ratified-Marking-Key-2016.PDF (wayback)
MAS/papers/2016_MAS_MarkingKey_CalcFree.pdf	https://senior-secondary.scsa.wa.edu.au/__data/assets/pdf_file/0003/344514/Maths-Specialist-Calc-Free-Ratified-Marking-Key-2016.PDF (wayback)
MAS/papers/2016_MAS_ExamReport.pdf	https://senior-secondary.scsa.wa.edu.au/__data/assets/pdf_file/0004/369472/2016-ATAR-course-examination-report-Public-version-MAS.PDF (wayback)
MAS/papers/2016_MAS_FormulaSheet.pdf	http://senior-secondary.scsa.wa.edu.au/__data/assets/pdf_file/0019/347113/Mathematics_Specialist_Formula_sheet_2016.PDF (wayback)
MAS/papers/2017_MAS_Exam_CalcAssumed.pdf	https://senior-secondary.scsa.wa.edu.au/__data/assets/pdf_file/0003/459012/Maths_Specialist_Calc_Assumed_Exam_2017.PDF (wayback)
MAS/papers/2017_MAS_Exam_CalcFree.pdf	https://senior-secondary.scsa.wa.edu.au/__data/assets/pdf_file/0020/459011/Mathematics_-Specialist_Calc_Free_exam_2017.PDF (wayback)
MAS/papers/2017_MAS_MarkingKey_CalcAssumed.pdf	https://senior-secondary.scsa.wa.edu.au/__data/assets/pdf_file/0005/459014/Ratified_Mathematics_Specialist_Calc_Assumed_-Marking_Key_2017.PDF (wayback)
MAS/papers/2017_MAS_MarkingKey_CalcFree.pdf	https://senior-secondary.scsa.wa.edu.au/__data/assets/pdf_file/0006/459015/Ratified_Mathematics_Specialist_Calc_Free_Marking_Key_2017.PDF (wayback)
MAS/papers/2017_MAS_ExamReport.pdf	https://senior-secondary.scsa.wa.edu.au/__data/assets/pdf_file/0007/471940/2017_MAS_ATAR_course_examination_report_public_version.PDF (wayback)
MAS/papers/2017_MAS_FormulaSheet.pdf	https://senior-secondary.scsa.wa.edu.au/__data/assets/pdf_file/0004/344515/Mathematics_Specialist_Formula_sheet_2017.PDF (wayback)
MAS/papers/2018_MAS_Exam_CalcAssumed.pdf	https://senior-secondary.scsa.wa.edu.au/__data/assets/pdf_file/0006/538980/2018_MAS_Written_Examination_Calculator_Assumed.PDF (wayback)
MAS/papers/2018_MAS_Exam_CalcFree.pdf	https://senior-secondary.scsa.wa.edu.au/__data/assets/pdf_file/0007/538981/2018_MAS_Written_Examination_Calculator_Free.PDF (wayback)
MAS/papers/2018_MAS_MarkingKey_CalcAssumed.pdf	https://senior-secondary.scsa.wa.edu.au/__data/assets/pdf_file/0012/538977/2018_MAS_Ratified_Calc_Assumed_Written_Marking_Key.PDF (wayback)
MAS/papers/2018_MAS_MarkingKey_CalcFree.pdf	https://senior-secondary.scsa.wa.edu.au/__data/assets/pdf_file/0005/538979/2018_MAS_Ratified_Calc_Free_Written_Marking_Key.PDF (wayback)
MAS/papers/2018_MAS_ExamReport.pdf	https://senior-secondary.scsa.wa.edu.au/__data/assets/pdf_file/0012/549885/2018_MAS_ATAR_course_summary_examination_report.PDF (wayback)
MAS/papers/2018_MAS_FormulaSheet.pdf	https://senior-secondary.scsa.wa.edu.au/__data/assets/pdf_file/0006/462849/Mathematics_Specialist_Formula_sheet_2018.PDF (wayback)
MAS/papers/2019_MAS_Exam_CalcAssumed.pdf	https://senior-secondary.scsa.wa.edu.au/__data/assets/pdf_file/0003/590835/2019_MAS_Written_Examination_Calculator_Assumed.PDF (wayback)
MAS/papers/2019_MAS_Exam_CalcFree.pdf	https://senior-secondary.scsa.wa.edu.au/__data/assets/pdf_file/0004/590836/2019_MAS_Written_Examination_Calculator_Free.PDF (wayback)
MAS/papers/2019_MAS_MarkingKey_CalcAssumed.pdf	https://senior-secondary.scsa.wa.edu.au/__data/assets/pdf_file/0010/590833/2019_MAS_Calc_Assumed_Ratified_Marking_Key.PDF (wayback)
MAS/papers/2019_MAS_MarkingKey_CalcFree.pdf	https://senior-secondary.scsa.wa.edu.au/__data/assets/pdf_file/0011/590834/2019_MAS_Calc_Free_Ratified_Marking_Key.PDF (wayback)
MAS/papers/2019_MAS_ExamReport.pdf	https://senior-secondary.scsa.wa.edu.au/__data/assets/pdf_file/0009/598032/2019-ATAR-Course-Examination-Report-MAS_public_version.PDF (wayback)
MAS/papers/2019_MAS_FormulaSheet.pdf	https://senior-secondary.scsa.wa.edu.au/__data/assets/pdf_file/0003/541839/2019_MAS_Formula_Sheet.PDF (wayback)
MAS/papers/2016Sample_MAS_Exam_CalcAssumed.pdf	http://senior-secondary.scsa.wa.edu.au:80/__data/assets/pdf_file/0015/10743/Mathematics_Specialist_Sample_Calc_Assumed_Exam_2016.PDF (wayback)
MAS/papers/2016Sample_MAS_MarkingKey_CalcAssumed.pdf	http://senior-secondary.scsa.wa.edu.au/__data/assets/pdf_file/0016/10744/MAS_Sample_Calc_Assumed_Marking_Key_2016.pdf (wayback)
MAS/papers/2016Sample_MAS_MarkingKey_CalcFree.pdf	http://senior-secondary.scsa.wa.edu.au/__data/assets/pdf_file/0020/10748/Mathematics_Specialist_Sample_Calc_Free_marking_key_2016.pdf (wayback)
MAM/papers/2016Sample_MAM_Exam_CalcAssumed.pdf	http://senior-secondary.scsa.wa.edu.au/__data/assets/pdf_file/0006/10689/Mathematics_Methods_Sample_Calc_Assumed_Exam_2016.PDF (wayback)
MAS/papers/2016Sample_MAS_Exam_CalcFree.pdf	http://senior-secondary.scsa.wa.edu.au/__data/assets/pdf_file/0018/10746/Mathematics_Specialist_Sample_Calc_Free_Exam_2016.PDF (wayback)
